tweet_id,processed_tweet
1,fuck grammys everyone associated unless shake hands send gifts nomination considerations
2,fuck believe chance dad coming back shops mate
3,fuck
4,fuck grammys everyone associated unless shake hands send gifts nomination considerations
5,fuck grammys everyone associated unless shake hands send gifts nomination considerations
6,ha ones ever mentioned live tv needy little fuck hilarious
7,fuck grammys everyone associated unless shake hands send gifts nomination considerations
8,wont cheat stress fuck tho
9,tried ignore whole nft hysteria fuck dont give permission especially random jerks make
10,naw mfs drive deep deep east west shit fuck take freeway
11,fuck grammys everyone associated unless shake hands send gifts nomination considerations
12,fuck grammys everyone associated unless shake hands send gifts nomination considerations
13,child completely child helped footballers lost lot money despite
14,fuck knows constituted one
15,harry shut fuck
16,fuck grammys everyone associated unless shake hands send gifts nomination considerations
17,season controversial champion lauren resulted changes rules going forward
18,fuck grammys everyone associated unless shake hands send gifts nomination considerations
19,fuck grammys everyone associated unless shake hands send gifts nomination considerations
20,fuck grammys everyone associated unless shake hands send gifts nomination considerations
21,fuck grammys everyone associated unless shake hands send gifts nomination considerations
22,fuck feelings crowd sure lot feelings sit jail know fuck
23,saw tweet saying nice zayn call grammys considering harry nominated
24,zayn weeknd fuck grammys
25,fake laughing work mentally exhausting please leave fuck alone
26,fuck break yall ever seen character get killed found happiness
27,fuck
28,fuck grammys everyone associated unless shake hands send gifts nomination considerations
29,fuck grammys everyone associated unless shake hands send gifts nomination considerations
30,fuck buck house life lads
31,fuck grammys everyone associated unless shake hands send gifts nomination considerations
32,imagine finale kingdom waiting stage spotlight comes comes ju
33,fuck grammys everyone associated unless shake hands send gifts nomination considerations
34,fuck grammys everyone associated unless shake hands send gifts nomination considerations
35,piers left gmb fuck
36,stress enough fuck allowed happen first place
37,fuck grammys everyone associated unless shake hands send gifts nomination considerations
38,fuck grammys
39,fuck grammys
40,fuck grammys everyone associated unless shake hands send gifts nomination considerations
41,fuck grammys homies hate mf grammys
42,fuck grammys everyone associated unless shake hands send gifts nomination considerations
43,fuck id die generation isnt scared death ill live louis ill live life fullest
44,thread whatever fuck call
45,fuck grammys
46,fuck grammys everyone associated unless shake hands send gifts nomination considerations
47,fuck grammys everyone associated unless shake hands send gifts nomination considerations
48,fuck grammys everyone associated unless shake hands send gifts nomination considerations
49,im tell mr piers mad piers insults belittles
50,fuck grammys everyone associated unless shake hands send gifts nomination considerations
51,fuck grammys fuck grammys fuck grammys fuck grammys fuck grammys fuck grammys fuck
52,died roblox fuck
53,fuck grammys everyone associated unless shake hands send gifts nomination considerations
54,fuck grammys everyone associated unless shake hands send gifts nomination considerations
55,fuck grammys everyone associated unless shake hands send gifts nomination considerations
56,become whore fuck fuck
57,fuck grammys everyone associated unless shake hands send gifts nomination considerations
58,fuck grammys hiod
59,fuck grammys everyone associated unless shake hands send gifts nomination considerations
60,fuck grammys everyone associated unless shake hands send gifts nomination considerations
61,three fucking great albums got crickets fuck grammys
62,fuck grammys bestie
63,fuck grammys everyone associated unless shake hands send gifts nomination considerations
64,tell people hurt u simply fuck
65,fuck love zayn
66,fuck grammys everyone associated unless shake hands send gifts nomination considerations
67,fuck grammys everyone associated unless shake hands send gifts nomination considerations
68,zayn said fuck
69,tweet wanna tweet feel like towards bitch guilty cause give fuck
70,super spread caravans coming across racist assbag says fuck
71,fuck grammys everyone associated unless shake hands send gifts nomination considerations
72,wanna see u wanna fuck
73,fuck grammys
74,fuck grammys everyone associated unless shake hands send gifts nomination considerations
75,fuck grammys everyone associated unless shake hands send gifts nomination considerations
76,fuck grammys
77,fuck grammys everyone associated unless shake hands send gifts nomination considerations
78,beat fuck
79,fuck grammys everyone associated unless shake hands send gifts nomination considerations
80,fuck u tubbo
81,gonna send cupcakes
82,fuck grammys everyone associated unless shake hands send gifts nomination considerations
83,fuck grammys everyone associated unless shake hands send gifts nomination
84,fuck grammys everyone associated unless shake hands send gifts nomination considerations
85,fuck grammys everyone associated unless shake hands send gifts nomination considerations
86,teh fuck
87,fuck grammys everyone associated unless shake hands send gifts nomination considerations
88,fuck grammys everyone associated unless shake hands send gifts nomination considerations
89,fuck grammys everyone associated unless shake hands send gifts nomination considerations
90,trend fuck grammys reason apart zayn said
91,fuck grammys fuck big time zayn deserves better
92,toxic poisonous rag britain asks royal family done fuck
93,absolutely disgusting fuck wrong men wanna
94,great example individualism ruined society like
95,moving colorado drive like fuck stick
96,fuck pain away
97,outside hoodie fuck
98,fuck grammys
99,fuck grammys everyone associated unless shake hands send gifts nomination considerations
100,means fuck cis straight men
